0,Templeton Emerging Markets Group
1,Commodity Weather Group LLC
2,CNNMoney Co
3,Manufacturing Business Survey Co
4,Las Vegas Sands Co
5,"FinViz
Wikimedia Co"
6,The House Rules Co
7,Celebrities And The Co
8,Trillion Dollar Platinum Co
10,Has Been Short Co
11,Biggest Risk To Co
12,Federal Open Market Co
17,Federal Deposit Insurance Co
18,Financial Stability Oversight Co
21,EARNED INC
22,NYC Appeals Co
23,Be Starting To Co
24,"M_McDonough
Wikimedia Co"
27,Small Transgressions Can Co
28,Hartford Life Distributors LLC
29,Goldman Sachs Group Inc
30,Marketfield Asset Management LLC
31,Federal Energy Regulatory Co
33,The Bubble Bubble Co
35,This Chart And Co
36,York State Personal Inc
37,The Trillion Dollar Co
38,Fi Technologies Are Co
40,MBIA Inc
41,To Mint The Co
42,Graduate Management Admission Co
43,Nationstar Mortgage Holdings LLC
44,"FactSet
Wikimedia Co"
45,China Securities Regulatory Co
46,IAMGOLD Co
47,When GOP Co
48,Stream Line Circle LLC
49,Gruesome Details About Co
50,"Citi Research
Wikimedia Co"
51,The Copyright Extension Co
52,Moodys Investors Services Inc
53,Agricole Securities USA Inc
55,Gun Safety Advocate Group
56,National Republican Campaign Co
58,The National Republican Co
59,American International Group Inc
60,The Normal Moral Co
61,Errors Add To Co
62,MedicineNational Research Co
64,Thorium Energy Alliance Co
66,Overseas Shipholding Group Inc
67,TCW Group Inc
68,Move By The Co
70,The German Constitutional Co
71,CFPB Director Richard Co
72,Assessment Development Advisory Co
73,New York Times Co
74,National Republican Senatorial Co
75,National Republican Congressional Co
76,"NRSC
Wikimedia Co"
78,Than Forcing The Co
79,Two Things That Co
80,New Zealand Banking Group
83,York State Supreme Co
85,Maiden Lane II LLC
89,Mizuho Securities Asia Ltd
90,Global Express Logistics Ltd
91,Year Old Reddit Co
92,BofA Merrill Lynch Co
93,CPC Central Co
95,Federal Open Markets Co
97,Harry Winston Diamond Co
99,The Debt Ceiling Co
100,Here For Full Co
102,Lender Processing Services Inc
103,Jereh Oilfield Services Group
104,RamitMastiAP Co
105,Economic Forums Global Co
106,WPCS International Inc
107,Stock Market Rally Co
108,Commodity Futures Trading Co
109,Ira Sohn Investor Co
110,JP Morgan Operating Co
111,The World Gold Co
112,The Goldman Sachs Group
113,Goldman Made An Inc
114,State Electricity Regulatory Co
117,World Says The Co
120,The HSBC China Co
122,When Everyone Was Co
123,January Real Personal Inc
124,YoY Personal Inc
125,American Home Mortgage Co
126,JoC ECRI Co
127,Atlantic WireSupreme Co
128,Pension Benefit Guaranty Co
129,Lehman Brothers Holdings Inc
130,Newland Real Estate Group
131,Bet For The Co
132,The Stock Market Co
133,Mountain Water International Co
134,USINESS AND ECONOMYA Co
135,ERA Mining Machinery Ltd
136,SAC CEO Steve Co
138,ERA Holdings Global Ltd
139,American Automotive Policy Co
140,Automotive News World Co
141,FINRA Files Co
142,CEO Tim Co
143,MORE DEPTH Tim Co
145,Chief Economist Bob Co
146,National Child Labor Co
147,Part Of Portfolio Co
148,Financial Infotainment Industrial Co
149,Samsung Electronics Co Ltd
150,Beijing Urban Construction Group
151,Dividend Cut Is Co
152,The Fair Debt Co
153,"Davos
Citi Chief Co"
154,United Nations Security Co
158,Massive Open Online Co
159,That The Rally Co
161,Worst Nightmare Is Co
162,The Federal Trade Co
163,Attorney General Jack Co
165,Civil War Over Co
166,Recovery Signs Mount Co
167,International Trade Union Co
169,Found No Improper Co
170,Are Simplifying Their Co
171,Guiyang Intermediate Peoples Co
172,THE ESSENTIAL EIGHTCaterpillar Co
173,"Borsa Italiana
Wikimedia Co"
174,The ReThink Group
175,Linked To Its Co
181,"Thomson Reuters
Wikimedia Co"
182,For Ongoing LIVE Co
183,Here For LIVE Co
185,Wikimedia Commons Wikimedia Co
186,LIVE Co
187,Periodic Table Of Co
188,That Means A Co
189,The Morgan Stanley Co
190,JPMorgan Chase Co
191,The Howard Hughes Co
192,China Banking Regulatory Co
193,China International Capital Co
194,Annette WeisbachandNicholas Co
195,Sachs COO Gary Co
196,Freakout Boosted Personal Inc
201,Let An Oil Co
202,MSCI All World Co
203,Gold Era Is Co
206,EconMatters Exxon Mobil Co
209,Duration Risk In Co
213,Air Investment Advisors LLC
214,On Stocks And Co
215,Global Human Resources Group
218,Showing Angry Customer Co
220,China National Petroleum Co
221,Equity Growth Capital Co
222,Nasdaq OMX Group Inc
223,Goldman Sachs Chief Co
225,UK India Business Co
226,Rongsheng Heavy Industries Group
227,Irish Bank Resolution Co
228,BofA ML Crossover Co
229,Home Sales Should Inc
230,Senate Armed Services Co
231,House Armed Services Co
232,Burns Real Estate Co
234,Quanshun Human Resources Co
238,"The Economist
Wikimedia Co"
243,Japan Iran Egypt Co
244,To Restrict The Co
245,Value Creation  Should Co
246,ECB Governing Co
247,Jon Corzine Is Co
249,Rush Could Be Co
251,Obama AND Co
252,TF Market Advisors LLC
253,Silicon Valley Toxics Co
256,Public Interest Research Group
257,International Petroleum Investment Co
258,Conclave Of The Co
259,"PP XVI
AP Co"
260,"The Bonddad Blog
Co"
263,The Republican National Co
264,Apple CEO Tim Co
266,"USGS
Co"
267,AP White House Co
268,US Airways Group Inc
269,CRT Capital Group
270,The Harbor Investment Co
274,The Duma Agriculture Co
275,Morgan Stanley Business Co
276,Commodities Futures Trading Co
277,State University Agribusiness Co
278,Financial Crisis Inquiry Co
279,Bain Capital Partners LLC
280,The Senate Finance Co
281,Rowe Price Group Inc
282,Louisiana PAC Co
289,Hawk Acquisition Holding Co
291,Crisis Might Have Co
292,The International Narcotics Co
293,Business Cycle Dating Co
294,Business InsiderTim Co
296,Foreign Account Tax Co
297,BMO Investment Strategy Group
300,England Monetary Policy Co
302,The Mercator Advisory Group
303,City Economic Development Co
304,Doha Global Investment Co
306,Oceanic Iron Ore Co
308,Smacks Of The Co
312,Janney Montgomery Scott LLC
313,Federal Open Mouth Co
336,Global Office Solutions Co
337,Companies Expect Strategic Co
338,QUARTER RESULTS Total Co
339,Cash Controls Are Co
341,All Nippon Airways Co
342,CEO Michael Co
344,The NPD Group
345,India Trade Union Co
350,Market Can Really Co
351,GS Washington Research Group
354,Getty ImagesThe Shanghai Co
357,International Lease Finance Co
358,Westminster Research Ethics Co
360,New York City Co
361,"Louis Fed
Wikimedia Co"
362,New York State Co
363,To Prepare For Co
364,Ziff Capital Management Group
365,Goldman COO Gary Co
366,Energy Future Holdings Co
367,Apollo Global Management LLC
369,Japan Total Energy Co
370,The US Co
371,Democratic Congressional Campaign Co
372,California Resource Investment Co
374,Treasury Borrowing Advisory Co
375,TJX Cos Inc
376,Toho Real Estate Co
377,KDDO Co
378,Luc Picard Wikimedia Co
380,Tennessee Senator Bob Co
382,CtW Investment Group
384,Life Of Steve Co
385,The Conference Board Co
387,Or Digital Equipment Co
389,White House Economic Co
390,National Air Traffic Co
391,Professional Air Traffic Co
392,The Financial Media Co
393,House Financial Services Co
394,NML Capital Ltd
398,US Federal Communications Co
399,The SEC As Co
400,On Track To Co
407,When Contra Costa Co
409,Central Economic Work Co
410,Poly Real Estate Group
412,Chinese Peoples Political Co
413,Lays Bare Environmental Co
415,Fraternal Information Programming Group
416,BCA Research Inc
417,Company Kingdom Holding Co
419,Square Capital Management Co
420,Massive Online Open Co
422,MicrosoftPwCCitiCapital OneADPVerizonIntelAmazonBaxterCSCMetlifeChryslerHome DepotKforce Inc
423,CommunicationsNuanceSears Holdings Management Co
426,Want To Add Co
428,Market Strategist Nick Co
429,Next Capital Partners Co
430,AP ImagesWilliam Co
431,Girlfriend In A Co
433,United Nations Economic Co
434,Bank Secrecy Act Co
435,Nuremberg Trials For Co
436,CEOTim Co
437,ECRI Co
438,Ratings Limited30 North Co
442,CTW Investment Group
443,National Railroad Passenger Co
444,RepublicanHouse Budget Co
445,New York Supreme Co
447,Statement Regarding National Co
448,The NASDAQ Co
449,Maiden Lane III LLC
451,GSCI Co
452,"LionShares
Wikimedia Co"
455,How Bill Ackman Co
456,Analysis Real Disposable Inc
457,NPC Standing Co
459,SouFun Holdings Ltd
460,Real Cool Investments Ltd
463,New York Mellon Co
467,Only Is A Co
468,National Iranian Tanker Co
470,And Futures Trading Co
474,The Iraq War Co
475,GettyHouse Budget Co
476,Urban CFO Francis Co
477,"Federal Reserve
Wikimedia Co"
479,Outrageous Reason That Co
481,The Russian Investigative Co
483,See The Ugly Co
484,SegarThe Sohn Investment Co
489,Long Island Federal Co
490,Quarter Continuing Operations Inc
491,Discontinued Operations The Co
493,Spent Watching Video Co
494,When Harvard Men Co
495,Street Admissions Test Co
497,"Yannis Behrakis 
Wikimedia Co"
500,Twitter CEO Dick Co
501,Although Florida Gulf Co
502,Crazy Cyprus Deal Co
503,Sohn Value Investing Co
504,Seasons Financial Planning LLC
505,LPL Financial Current Co
510,MSCI All Co
513,Bullish Analysts At Co
514,Spectrem Affluent Investor Co
515,Spectrem Millionaire Investor Co
516,Business Economic Issues Co
517,Taylor Morrison Home Co
518,Aviv REIT Inc
519,Five Oaks Investment Co
520,Bay Realty Trust Co
522,HEALTH INSURANCE AS INC
523,Rules Out Grand Co
525,Republican Senator Tom Co
526,"Stanley Research
Wikimedia Co"
529,Corcoran Real Estate Group
530,CR IntrinsicInvestors LLC
531,Xinhua The China Co
532,EU Anxiety Means Co
536,Conservative Political Action Co
539,Do Still Sell Co
541,Navy Yard Development Co
542,Financial Message From Co
543,Group The Pacific Group
545,National Football League Co
547,Asian American Entertainment Co
550,Liberty Harbor Capital LLC
551,GS Liberty Harbor LLC
555,Suape Industrial Port Co
557,Mean It Will Co
558,Minister Pedro Passos Co
560,Pacific Investment Management Co
561,CALLISTER Online USA Inc
562,The Republican Study Co
564,COFRA Group
566,Strong Execution The Co
568,YRI Earned Inc
569,"BAMLBAML
Co"
570,The Potential Gas Co
571,Bloomberg TVNick Co
572,Strengthen Social Security Co
573,The Trend Will Co
574,Getty ImagesA Co
575,"Business Insider
Wikimedia Co"
581,Connells Prairie Community Co
586,COO Gary Co
587,NYPD Deputy Co
588,Citi CEO Michael Co
590,Trouble Coming For Co
591,Gluskin Sheff Federal Co
592,High Public Debt Co
593,Wine Country Investment Co
594,General Motors Acceptance Co
597,Liquidity Metrics Dividends Group
599,Investors Should Not Co
600,The Death Spiral Co
601,LinkedInVanessa Co
605,Korea Pyongyang Trading Inc
607,Edelman Financial Services LLC
609,BGI Executive Co
610,Massachusetts State Police Co
611,Fed National Financial Co
612,Advisor For Strategic Co
615,The Wine Country Co
617,My Strategic Investment Co
620,The Democratic National Co
623,Hack To The Co
627,Construction Bank Investment Co
628,Out Of Expensive Co
629,Global Economic Data Inc
630,American Eagle Gold Co
631,Iran Centrifuge Technology Co
632,Video Archive The Co
633,"Holy Grail
Wikimedia Co"
635,CPAC Co
636,Higher Capital Ratios Co
638,Chief Executive Vittorio Co
639,MetroPCS Communications Inc
640,YouTubeGalleon Group
641,British East India Co
644,Americans For A Co
646,Hollow Sword Blade Co
647,Spirit Of His Co
648,China International Marine Co
649,Term Capital Management INC
651,"RajeshniNaidu
Wikimedia Co"
652,Milken Institute Global Co
653,NASDAQ Co
656,Libertas Wealth Management Group
658,"Fed FED
Wikimedia Co"
667,Hammer United World Co
668,"PIMCO
Wikimedia Co"
669,Not Its Biggest Co
670,Ritholz Bears Cannot Co
671,Market Turning A Co
673,UBS Securities LLC
675,BGC Partners Inc
676,Wall Street Industrial Co
677,Inspiration To Every Co
679,Interest Rates And Co
681,Few Other Thoughts Co
683,"Macro Monitor 
Bitcoin Co"
684,Annual Strategic Investment Co
685,Yuan Real Estate Group
687,Tenth Annual Altegris Co
689,Growth In Developing Co
690,HSBC China Co
692,RAND Co
693,UJAMMA Inc
694,Vice President Tod Co
695,The CRB Co
696,Wikimedia CommonsBarnard Co
697,Quarter Financial Information Co
699,Meredith Whitney Advisory Group
700,San Mateo County Co
701,California Highway Patrol Co
702,Atlas One Financial Group
703,About Green Mountain Co
704,Ira Sohn Investment Co
705,SALT Co
706,Sachs President Gary Co
708,Malaysian Palm Oil Co
710,The Sohn Investment Co
711,United States District Co
712,Island Asset Management LLC
713,Why Bitcoin Prices Co
715,United Motor Manufacturing Inc
716,"Goldman Sachs
Wikimedia Co"
718,The Da Vinci Co
720,Natural Resource Defense Co
729,The Ira Sohn Co
731,MatthewDalyWDC Co
732,See What Their Co
733,Lynch Global Research Co
734,"Jeff Saut
Wikimedia Co"
735,"WSJ_hpp_LEFTTopStories
Co"
736,Hai Precision Industry Co
738,Chief Executive Tim Co
739,"FRED
Walmart Co"
740,Your Retirement Withdrawal Inc
741,Investment News Retirement Inc
742,Sony Parent CompanyWhile Inc
743,"Current Law
Wikimedia Co"
745,Robertsons Tiger Management LLC
746,"FRED
Wikimedia Co"
747,The McGraw Hill Co
749,Know About A Co
750,Emerging Markets Are Inc
751,Call On Agricultural Co
752,Empowerment Zone Development Co
753,Berkshire Hathaway Finance Co
754,Northern Santa Fe LLC
756,Acting IRS Co
757,About Promontory Financial Group
758,IRS Acting Co
759,Youth Substance Abuse Co
760,Drug Free Dale Co
761,IRS Advisory Co
762,Sections Exempt Organizations Co
763,Outgoing Acting IRS Co
765,The ABC Co
766,Associated Press Radio Co
768,APApple CEO Tim Co
769,To Improve Their Co
770,Global Investors Think Inc
771,The Public Accounts Co
772,Why This Week Co
773,Well Be In Co
774,In The Fixed Inc
775,ScreenshotApple CEO Tim Co
777,Stocks Demand Trajectory Co
778,BIG IMPACT Co
779,The Vehicle Production Group
780,Apple CEOTim Co
781,Broadridge Financial Solutions Inc
783,Copyright Gotham Photo Co
784,"Group
Business InsiderEurasia Group"
785,Than Bull Market Co
786,Never Just One Co
787,Dennis Gartman JS Co
788,FINRA Is Co
795,Products Joint Venture Co
796,First Myanmar Investment Co
801,Texas Investment Management Co
802,Research In Motion Ltd
807,AIG Owned Advisor Group
808,FSC Securities Co
809,You Have Money Co
812,Steve MarcusSteven Co
813,The EU Co
815,Wealthy Give Tax Co
816,Ultimate Upside Potential Co
817,PIMCO Co
818,RCM Capital Management LLC
820,All Things Digital Co
821,Managing Partner Raises Co
822,Data Vanguard Lowers Co
824,National Iranian Oil Co
825,Skechers USA Inc
829,Colony American Homes Inc
830,American Residential Properties Inc
831,Bay Realty Trust Inc
832,Reserve Officers Training Co
833,National Security Transition Co
835,ReedApple CEO Tim Co
836,ImagesApple CEO Tim Co
837,Loophole Mistake Saves Co
838,Some Open Market Co
840,Angela MerkelThe European Co
842,Scott Apartment Advisors Inc
843,APT NYC Co
846,Jilin Baoyuanfeng Poultry Co
847,Advisors Expect Their Co
848,This Without A Co
850,Mitsubishi UFJ Financial Group
851,Sachss Global Macro Co
853,Is A Great Co
854,As Bespoke Investment Group
855,Federal Mortgage Insurance Co
856,HeadWealth Management Group
857,National Resource Defense Co
859,CafsBlue Spoon Co
863,LaGuardia Community Co
864,The Message From Co
866,International Bond Funds Co
867,Southeastern Asset Management Inc
868,Rowe Price Associates Inc
869,ABM Industries Inc
870,Manhattan Civil Supreme Co
874,The Strategic Investment Co
875,AP_Ken_Thomas Co
876,SpringleafSpringleaf Finance Co
877,Stock Exchange The Co
878,Word Wide Developers Co
879,AAPL CEO Tim Co
880,Margin CallConvergEx Group
881,Economic Calendar Market Co
883,Tail Risks That Co
884,As Four Forces Co
886,Morgan Stanley Financials Co
887,Pipeline Trading Systems LLC
888,Investors Have To Co
890,Much Power Over Co
891,The Morningstar Investor Co
892,New Yorkand Orange Co
895,STATES WITH AN INC
896,Farms Business Trade Group
897,As Equities Suffer Co
898,Bear Market Is Co
899,Affair With Bonds Co
900,RicardoUnited State Cyber Co
901,Anne Arundel Community Co
902,Foreign Intelligence Surveillance Co
903,AP ImagesMiss Co
908,FICC Sales Thomas Co
911,Hudson County News Co
912,KDDI Co
913,The Impact Of Co
917,Best Buy Co Inc
918,Citigroup CEO Co
920,Money In The Co
922,Julius BaerGroup Ltd
924,Goldman Sachs Fixed Inc
925,The Bernanke Press Co
927,"Roosevelt Cassio 
Wikimedia Co"
928,The Pros And Co
929,"Financial Data
Wikimedia Co"
930,Hong Kongs High Co
933,Insider FINRA Will Co
934,In Bernanke Press Co
941,Zhejiang Longsheng Group Co
942,"BTIG
Wikimedia Co"
944,Can Make Broker Co
945,Off Could Be Co
947,The ArcView Group
948,BBVA Co
949,Merrill Lynch Fixed Inc
951,Longtop Financial Technologies Ltd
952,Days Group Holdings Ltd
953,CHINA BULL Co
954,MF Global Jon Co
956,Getty ImagesThe Co
957,Directors Provides Further Co
958,Natural Resources Defense Co
960,"Andrew Wilkinson

Gil Co"
961,"BlackRock
Wikimedia Co"
962,Global CEO Jon Co
963,CEO Jon Co
964,CFTC Co
966,MF Global Holdings Ltd
968,Steve MarcusMiss Co
969,United States Supreme Co
971,"LPL Financial
Co"
972,Consulting Real Estate Co
974,KSI Asia Ltd
978,"Market Anthropology
Wikimedia Co"
980,Manhattan Condos Kick Co
981,New Yorkbased Alexico Group
983,FINRA Inc
984,Representatives Financial Services Co
985,York Value Investing Co
987,Englands Monetary Policy Co
988,The Bloomberg Consumer Co
989,Getty Images Wikimedia Co
991,July International Eating Co
995,As NYC Co
999,Alessandro BianchiAlcoa Inc
1002,Circles Strategy Jim Co
1003,"CoreLogic

Wikimedia Co"
1006,The World Bank Group
1008,Of Stock Market Co
1012,Regional Leaders Issues Co
1020,"Morgan Stanley
Going Co"
1022,NERA Economic Co
1023,Apple Consulting USA Inc
1024,GSC Capital Co
1026,Plan Laden With Co
1027,"Economics
The Shanghai Co"
1029,China NationalPetroleum Co
1030,Leap Wireless International Inc
1031,InsiderPennsylvania Governor Tom Co
1032,"Bloomberg
Via Wikimedia Co"
1038,Photos To Personalize Co
1041,Central Economic Working Co
1042,California Farm Labor Co
1043,ReutersThe Shanghai Co
1045,Goes Into A Co
1048,Metrics  Dividends  Group Inc
1050,Backed Securities Working Group
1051,RMBS Working Group
1053,Investor Delivering Alpha Co
1057,House Financial Service Co
1064,Vanity FairWilliam Co
1069,COMPLICATIONS Co
1070,Bloody Ridiculous Investment Co
1072,Bankruptcy Has Retirees Co
1073,LJPR LLC
1074,SEC Sues Steve Co
1075,Rebecca CookGeneral Motors Co
1076,Ingham County Circuit Co
1077,APPresident Calvin Co
1078,Energy Security Leadership Co
1079,Assessing Labor Market Co
1081,Geographic Traveler Photo Co
1083,Financial Advisors Say Co
1084,This Bull Market Co
1088,Democratic SEC Co
1089,SEC Republican Co
1091,Family Dollar Stores Inc
1093,Global Risk Manager Co
1094,Balasa Dinverno Foltz LLC
1095,White Paper Steve Co
1097,Indian National Tennis Group
1098,America Pays For Co
1100,CONSIDER VARIOUS RISKS INC
1101,SYNEGOS Financial Group
1102,Chinese Knockoffs Are Co
1103,DENALI HOLDING INC
1104,About A Gold Co
1105,Trust Such A Co
1107,ACA Capital Holdings Inc
1108,ACA Financial Guaranty Co
1109,Hoisington Investment Management Co
1112,Halliburton Energy Services Inc
1113,MarcusFox Business Senior Co
1114,Shannon StapletonFacebook Inc
1116,JetBlue Airways Co
1118,IBI Armored Inc
1119,Steve MarcusSteve Co
1120,Test On Manager Co
1121,There Is An Inc
1122,Getty ImagesYesterday Steve Co
1123,Journal Mocking Steven Co
1125,County Democratic Central Co
1126,San Diego Mesa Co
1127,City Attorney Paul Co
1129,Jefferies CRB Co
1131,We Hate Oil Co
1132,JPMorgan Ventures Energy Co
1133,JPMorgan Infrastructure Investments Group
1136,Measures Of The Co
1137,Federal Energy Regulating Co
1138,Morgan Ventures Energy Co
1141,Bloomberg FRBNY Co
1144,Neiman Marcus Group Inc
1146,Sony Pictures Entertainment Co
1147,Financial Measures The Co
1148,Eduardo Munoz The Co
1152,Social Security Benefits Co
1153,Business Economics Policy Co
1161,Understanding Family Dynamics Co
1162,How Investors Can Inc
1163,Adopts Rules To Inc
1164,Securities Investor Protection Co
1165,Shows His True Co
1166,College Student Investment Group
1167,Market Correlations Have Co
1168,Assistants Are Often Co
1169,The UK Co
1173,RBS Sempra Co
1177,New England Media Group
1184,CMS Energy Co
1185,World Science Fiction Co
1187,Highlands Links Golf Co
1188,DCOR LLC
1189,SciWriAlicia Co
1192,HSBC Co
1193,Our YRI Earned Inc
1194,Vitaco Health Group Ltd
1195,Dumex Baby Food Co
1196,ClaytonCohnClayton Co
1199,As ConvergEx Group
1200,The Washington Post Co
1201,Will Make A Co
1203,National Community Reinvestment Co
1205,Weighted ETFs Are Co
1206,Fundamental International Large Co
1207,Fundamental International Small Co
1208,Emerging Markets Large Co
1210,Chess Federation National Co
1212,PowerShares CEF Inc
1221,Albuquerque Home Sales Inc
1225,JP Morgan Securities LLC
1227,"Goodman
Mubadala Development Co"
1228,EBX Group Co
1230,ConvergEx Group Co
1231,Federated Department Stores Inc
1233,The Electronic Cigarette Co
1234,Public Utility Holding Co
1235,McMoRan Co
1240,JCPenney Co Inc
1241,Los Angeles Superior Co
1243,Tokyo Electric Power Co
1246,SAC Capital Steve Co
1247,"Morgan Stanley
Wikimedia Co"
1248,Satellite TV Chemicals Co
1252,Chubu Electric Power Co
1256,KPMG Co
1257,All Group Total Co
1258,Dear Bloomberg Media Co
1259,The China Railway Group
1261,Jakarta Stock Exchange Co
1262,Business Fundamentals The Co
1264,Think Active Management Co
1265,Troubling Signs Of Co
1266,"JP Morgan
Wikimedia Co"
1267,"Your Joint
Wikimedia Co"
1268,York City Criminal Co
1270,The Bitburger Brewery Group
1271,China Daily Information Co
1278,High Frequency Trading Co
1280,Koss Olinger Financial Group
1284,Reasons Investors Should Co
1285,Nuclear Regulation Authority Co
1286,Coffee At Home Co
1293,The Central Military Co
1294,Catering Services Management Ltd
1295,Guo Restaurants Holdings Ltd
1296,The Boston Consulting Group
1297,RIA Transactions Co
1299,To Help Clients Co
1300,Review Their Business Co
1301,UK Financial Services Co
1306,ImagesA Nissan Motor Co
1307,In Affluent Investor Co
1309,Canary In The Co
1310,Cutler Capital Management LLC
1311,Burger King Worldwide Inc
1312,Dollars To Oil Co
1314,Shelter Island Shuttle Co
1315,House Foreign Affairs Co
1317,House National Security Co
1319,Senate Foreign Relations Co
1321,July Real Personal Inc
1322,In July Personal Inc
1324,The United States Co
1328,Indonesia Stock Exchange Co
1337,Conference Board Consumer Co
1338,Commercial Real Estate Co
1340,Direct Edge Holdings LLC
1344,Central Pacific Fisheries Co
1345,UN Climate Change Co
1348,Pollution Prevention And Co
1350,Goldman Sachs Financial Co
1351,Clean Energy Finance Co
1353,The Australian Broadcasting Co
1355,Kinder Morgan Management LLC
1358,"Population Pyramid
Wikimedia Co"
1359,Bond Outflows Will Co
1360,Bond Fund Liquidation Co
1363,The Senate Banking Co
1365,Their Websites To Inc
1371,"Miller Tabak
Wikimedia Co"
1373,CBOE Holdings Inc
1375,"Credit Suisse
Wikimedia Co"
1376,FINRA To Co
1377,TIME Stocktwits Co
1380,Motorola Mobility Holdings Inc
1382,GUTTED Dell Inc
1384,International Foreign Exchange Co
1385,From Potomac Research Group
1386,InAPPropriate Co
1388,Fairfax Financial Holdings Ltd
1393,Before A Divorce Co
1395,Marotta Wealth Management Inc
1398,YoungFormer National Economic Co
1400,Saudi Basic Industries Co
1401,Massively Open Online Co
1402,Wealthy Investors Are Inc
1403,Clients Before Their Co
1405,Stephen LamDick Co
1406,AND RUTHLESS While Co
1407,FriendFinder Networks Inc
1411,IMCA Annual Co
1412,Operating Cash Flow Inc
1416,Citys Jackson Hole Co
1417,The Hong Kong Co
1420,Brokers To Disclose Co
1423,Continental GT Speed Co
1426,San Francisco Superior Co
1427,Issues Foretell A Co
1428,Norse Death Metal Group
1429,Suffolk County Criminal Co
1430,Investment Life Insurance Co
1431,Sean DuffyRepublican Co
1433,Sunflower Electric Power Co
1438,InvestmentNews Alternative Investments Co
1439,Taiwan Semiconductor Manufacturing Co
1440,Alpha Hedge West Co
1441,Novorossiysk Commercial Seaport Co
1442,Fordham Wall Street Co
1447,GMTO Co
1449,Equal Opportunity Employment Co
1452,China Wireless Technologies Ltd
1453,Colorado Medical Marijuana Co
1454,The Medical Marijuana Co
1457,Associated PressColin Co
1460,UnitedHealth Group Inc
1462,Planning Is A Co
1465,Off High Medical Co
1466,What Will It Co
1469,The BOC Group
1470,WMS Industries Inc
1472,The September Personal Inc
1477,Pimco Investment Grade Co
1478,Merrill Lynch Global Co
1479,Private Equity Analyst Co
1481,Shanghai International Port Group
1482,Trade Zone Development Co
1489,Myanmar Economic Holdings Ltd
1490,China North Industries Co
1494,Share Their Workout Co
1495,New Market Capital Group
1497,The Cambridge Associates LLC
1498,Bloomberg GOLDS Co
1499,HFRI Fund Weighted Co
1501,THE FTSE NAREIT Co
1502,The FTSE NAREIT Co
1503,Sizeable Overweighting To Co
1504,Scenario With Dire Co
1506,National Jewish Democratic Co
1510,Apple CEO Time Co
1512,Essex Property Trust Inc
1513,AvalonBay Communities Inc
1514,Investors Are Still Co
1515,Wescott Financial Advisory Group
1516,Arbus Capital Management LLC
1519,Rick WilkingLiberty Media Co
1520,Robin Hood Investment Co
1523,York Public Service Co
1527,Representatives Homeland Security Co
1528,Year On Your Co
1530,The McLaughlin Group
1532,The Global Ocean Co
1536,BHP Billiton Ltd
1537,Sprouts Farmers Market Inc
1538,Arab Petroleum Exporting Co
1540,Should Become One Co
1541,National Offshore Oil Co
1542,Economic Confidence Has Co
1547,"Project Syndicate 
Wikimedia Co"
1548,BloombergFX Co
1549,"Bank
APNational Economic Co"
1551,Climer Wealth Management Group
1552,The Big Picture Co
1553,Mr Wangs HKND Group
1556,"Carl_C_Icahn

Wikipedia Co"
1557,Wikimedia CommonsFlorida Co
1559,CMG Capital Management Group
1560,Had The Current Co
1568,Committee Policy Action Co
1571,"Suisse
Realty Guild Inc"
1572,Global Economic Perspectives Ltd
1576,Aly SongThe Shanghai Co
1577,President China Holdings Ltd
1578,Getty ImagesUnintended Co
1579,Ralph OrlowskiDeutsche Bank Co
1580,DavidALieb Co
1582,Maine Senator Susan Co
1585,The Texas Railroad Co
1586,FlickrFrom California State Co
1587,Republican Senator Susan Co
1588,Republican Representative Tom Co
1590,With Business Development Co
1591,"Citi 
The Supreme Co"
1592,Florida Central Labor Co
1593,The Daily Trading Co
1595,Japan Airlines Co Ltd
1599,ButThe Principal Financial Group
1601,Raise Debt Ceiling Co
1603,That Housing Is Co
1604,The Wall Street Co
1605,The Need To Co
1606,Now For Recent Co
1607,The Puerto Rico Co
1608,Associated PressSupreme Co
1609,Morgan StanleyIf Co
1611,Ford SchoolDick Co
1612,FactSet Research Systems Inc
1616,Global Credit Rating Co
1622,Change New Residential Co
1624,Of Things To Co
1626,Jim YoungGary Co
1629,DC Bitcoin Users Group
1631,"To Market 
Wikimedia Co"
1634,FIH Mobile Ltd
1636,Envision Business Management Group
1642,MBA Admissions Co
1643,Nick ColasConvergEx Group
1644,Icahn                                            Apple                                            Tim Co
1645,Letter To Tim Co
1647,InterContinental Hotels Group
1648,Financial Services Industry Co
1649,Things Investors Should Co
1651,Court Judge Denise Co
1653,Aviation Supplies Holding Co
1654,ANZ Banking Group
1655,Nasdaq OMX Group
1656,"Belus Capital Advisors
Co"
1660,AEGIS FinServ Co
1661,Quarterly Dividend The Co
1663,TokyoElectric Power Co
1665,Clients With Irregular Inc
1669,Max RossiThe Co
1671,"Deutsche Bank
Wikimedia Co"
1672,Advisors Need To Co
1673,Noise When It Co
1678,Attorney General James Co
1679,San Francisco Bay Co
1680,HSBC Group
1681,AIMS Alternative Investment Co
1682,MSCI Inc
1684,Bloomberg Advisors That Co
1685,The Foundations Of Co
1686,Bush White House Co
1687,Republican State Leadership Co
1688,Bureau Chief Robert Co
1689,Democratic Legislative Campaign Co
1690,American University Washington Co
1691,Top Turn Capitals Co
1692,"TIPS
Co"
1693,ConvergEX Group
1695,CNOOC Ltd
1697,Anhui Jianghuai Automobile Co
1698,Chongqing Grain Group Co
1699,ALL ABOUT INC
1703,Galaxy Entertainment Group Ltd
1706,Reserve Open Market Co
1708,Pershing Advisor Solutions LLC
1709,CEO Steve Co
1710,Net Migration Project Co
1712,The Walt Disney Co
1713,Hamblin Watsa Investment Co
1714,Act As Behavioral Co
1715,Financial Literacy To Co
1716,Trends That Are Co
1718,Communist Partys Central Co
1719,Financial Is Top Co
1720,York City Police Co
1724,English East India Co
1728,Beijing Capital DevelopmentCo Ltd
1730,Strategy To Lower Inc
1731,PSA Financial Services Inc
1732,Korean Fair Trade Co
1733,InsiderTwitter CEO Dick Co
1735,NYSEcamDick Co
1736,Senator Elizabeth WarrenNational Co
1737,Consumer Product Safety Co
1738,YKLeeAP Co
1739,An Evolving Regulatory Co
1740,Capital Markets Jeff Co
1742,US Senate Banking Co
1743,Claremont McKenna Co
1745,EIA Jasper Co
1746,Check Out These Co
1747,Morgan Stanley Fixed Inc
1749,Tiny Adjustment That Co
1751,APTwitter CEO Dick Co
1752,Tadbir Economic Development Group
1753,Schwab At IMPACT Co
1754,CorcoranSunshine Marketing Group
1755,York Times Dealbook Co
1756,Financial IntelligenceDavid Co
1757,Islamic Revolutionary Guard Co
1759,New Group Of Co
1760,Palm Beach Circuit Co
1761,Harrison JacobsThe Bushwick Co
1765,ChetwodePatricia ChewTravis ChmelkaLisa Co
1766,Lee The Shanghai Co
1767,Police Deputy Assistant Co
1768,South Dakota Grasslands Co
1769,That Change Is Co
1770,And Other Investment Co
1773,SAIC Motor Co
1774,Huawei Technologies Co Ltd
1776,Though CME Group
1777,CME Group Inc
1778,Chicago Mercantile Exchange Inc
1779,SOURCE CME Group
1780,"Barclays Barclays
Wikimedia Co"
1781,CGI Group Inc
1785,Polak Annual Research Co
1786,IMF Research Co
1787,"Clark Moody
Wikimedia Co"
1788,Emerging Threats Working Group
1792,Financial Institutions Examination Co
1798,JPMORGAN CHASE Settlement Inc
1800,EMC Mortgage LLC
1805,SBB Research Group
1812,Organization For Economic Co
1824,APMax BaucusSenate Finance Co
1825,Fed Open Market Co
1826,DMG Technology Group
1827,Republican RepresentativeChris Co
1828,Robin Hood Investors Co
1831,Planet_HuggerOdyssey Marine Exploration Inc
1833,McDermid Green Mountain Co
1835,The Flash France Co
1836,Vanguard Investment Strategy Group
1837,The AP Corporate Co
1839,Suggest Ousted Snapchat Co
1840,International Energy Exchange Co
1841,Robinhood Foundation Investors Co
1842,The Federal Election Co
1843,Vegetable Oil Refining Co
1845,Cool Japan Fund Inc
1846,ANAHoldings Inc
1847,Brightrust PE Japan Co
1849,Client Investment Policy Group
1851,Men Are More Co
1853,Small Businesses Advisory Co
1854,Berkshire Hathaway Assurance Co
1855,Financial Guaranty Insurance Co
1856,Assured Guaranty Municipal Co
1858,CBRE Group
1859,"FHFA
Wikimedia Co"
1861,South African Broadcasting Co
1863,LionGold Corp Ltd
1864,IPCO International Ltd
1867,Regulatory Changes That Co
1868,The State Security Co
1875,Ideas For Asian Co
1876,Raffles Medical Group Ltd
1877,Tasly Pharmaceutical Group Co
1878,Federal Budget Annual Co
1879,Shelby Daytona Cobra Co
1881,National Distillers Products Co
1882,Regional Dispute Resolution Group
1883,FINRA Board Co
1885,ESL Investments Inc
1887,Los Angeles Police Co
1888,Federation Via Wikimedia Co
1893,Board Votes To Inc
1894,The African National Co
1896,Suisse Global Fixed Inc
1897,"Societe Generale
Wikimedia Co"
1900,Dutch East India Co
1901,Dutch West India Co
1904,International Organizationof Securities Co
1906,Progressive Change Campaign Co
1908,Changes That Are Co
1909,SCHOOL INC
1913,INTL FCStone Inc
1914,Philip Morris International Inc
1916,United States Steel Co
1917,DISH Network Co
1918,SYNNEX Co
1919,Spectrum Group International Inc
1920,Alpha Natural Resources Inc
1921,Mark Holding Company Inc
1922,WESCO International Inc
1925,Nigerian National Petroleum Co
1926,Alibaba Group Holding Ltd
1928,Strong That It Co
1933,CITIC Resources Holdings Ltd
1934,Francisco World Spirits Co
1938,Bureau Small Area Inc
1939,All Have In Co
1940,Bourbon County Brand Co
1942,Unicom Hong Kong Ltd
1943,State Economic Development Co
1946,Opportunity But Are Co
1950,You Keep That Co
1951,Financial Inquiry Crisis Co
1954,Financial Services Practice Group
1962,Tony TakitaniConvergEx Group
1963,Prepare For The Co
1966,COO Barbarian Group
1971,US Treasury Daily Co
1972,Ignis European Smaller Co
1974,Village Roadshow Entertainment Group
1975,"The Economist 

Wikimedia Co"
1976,SOME EMERGING MARKETS Co
1984,EOG Resources Inc
1985,Pioneer Natural Resources Co
1986,PPCA Inc
1990,Customer Growth Partners LLC
1992,When Shanghai Media Group
1994,Arab Petroleum Pipeline Co
1996,United Parcel Service Inc
1997,Sheffield Alcohol Research Group
1998,Construction Industry Development Co
1999,Emaar MGF Land Ltd
2000,MGF Development Ltd
2001,Successful Investors Are Co
2002,HIGH INC
2003,Yuya ShinoMizuho Financial Group
2004,Hand When It Co
2005,Investments In The Co
2006,Village Communist Party Co
2007,Valiant Linth Bank Co
2008,Shanghai General Motors Co
2011,MBT Financial Co
2012,FINRA Warns Against Co
2013,JBS USA LLC
2014,"CNBC
Wikimedia Co"
2017,Brazilian Mobile Payments Co
2020,Zhenrong International Energy Co
2021,JC Penney Co Inc
2022,PNC Financial Services Group
2024,That Have Many Co
2025,The Charitable Industrial Co
2026,"FREE AppDownload
Lowndes Co"
2028,"FREE AppDownload
Co"
2029,"FREE AppDownload
Wikimedia Co"
2035,Union Square Hospitality Group
2038,Fred ProuserCarlyle Group
2039,CEO William Co
2040,Carlyle GMS Finance Inc
2041,Central Park Group LLC
2042,Vermillion Asset Management LLC
2043,LDK Solar Co Ltd
2044,JA Solar Holdings Co
2046,The Profit Margin Co
2052,Yuya Shino Kiyomura Co
2055,TheChinaBanking Regulatory Co
2056,China MinshengBanking Co
2057,Retailer Suning Commerce Group
2058,The Emergency Unemployment Co
2060,John Paulsonand Leon Co
2061,Prices Double As Co
2062,EastFormer Tyco International Ltd
2063,"FREE AppDownload
WikiMedia Co"
2065,Central Japan Railway Co
2068,Philippe WojazerThe Eurasia Group
2069,Toyota Fuel Cell Co
2070,Hon Hai PrecisionIndustry Co
2073,The January Governing Co
2080,"FREE AppDownload
Government Co"
2082,Global Anchor Katie Co
2083,Libyan National Oil Co
2088,Earnings Release The Co
2089,"FREE AppDownload
Inc"
2096,Everyone Should Stop Co
2100,Yonker Environmental Protection Co
2101,BBMG Co
2103,"Jeremy Siegel
WikiMedia Co"
2105,Cash Update State Co
2106,Rich Clients To Co
2107,Are Driving Huge Inc
2108,Primary Global Research LLC
2109,"District FREE AppDownload
Co"
2110,Buy Because The Co
2111,To Be More Co
2112,TD Ameritrade Holding Co
2113,Pew Global Research Co
2114,Asset Bubble That Co
2117,Consolidated Deposit Balances Inc
2119,AppleCEO Tim Co
2122,The Stuff That Co
2123,"FREE AppDownload
Steve Co"
2124,"FREE AppDownload
Walmart Co"
2125,"AppDownload
Jingdong Trading Co"
2127,Time Warner Cable Inc
2128,Fourth Quarter Net Inc
2132,Kweichow Moutai Co Ltd
2133,Shanxi Zhenfu Energy Group
2135,LPL Financial Co
2139,PhoneonChinaMobile Ltd
2142,ChinaUnicom Hong Kong Ltd
2143,Barclays US Co
2150,National Medical Care Co
2152,International Business Machines Co
2155,Mitsumi Electric Co Ltd
2156,TripAdvisor Incand Expedia Inc
2157,Chief Investment OfficerAaron Co
2158,Seabreeze Partners Management Inc
2159,Oriental Brewery Co Ltd
2160,Asia Pacific Breweries Ltd
2161,Allianz International Executive Co
2163,Dow Jones UBS Co
2165,The Goldman Sachs Co
2168,Beach County Education Co
2169,Review Third Point LLC
2170,The Dow Chemical Co
2172,NetDragon Websoft Inc
2174,The Shopping Center Group
2176,"FREE AppDownload
Vanguard Group"
2178,Aeronautic Defence Space Co
2181,LIKELY CONTENDERS Inc
2183,Key Reasons Why Co
2184,Challenge For Multinational Co
2189,Electrical Equipment Manufacturing Co
2193,RiverFront Investment Group
2197,Bedford The Carlyle Group
2198,Helping Blue Bottle Co
2202,StringerThe US Co
2203,US International Trade Co
2204,The Joan Ganz Co
2205,Republican Senator Bob Co
2206,Dr Pepper Snapple Group
2211,When VF Co
2212,"Macro_Tourist
Indiana GLBT Co"
2216,Advisors Have In Co
2217,The Most Financially Co
2218,PIMCO Inc
2220,House GOP Co
2222,China Credit Trust Co
2225,The TransCanada Co
2226,DeepMind Technologies Ltd
2227,Sergeant First Class Co
2230,CFA Institute Co
2231,Tedx Talkin Marin Co
2233,The Conference BoardConsumer Co
2238,HEAD OF FIXED INC
2239,DIRECTOR OF FIXED INC
2240,TheFederal Open Market Co
2243,"FREE AppDownload
Host Co"
2244,Trigger MediaHost Co
2245,Yuya ShinoCanon Inc
2247,ThomsonReuters Loan Pricing Co
2249,Ares Management LLCandCarlyle Group
2251,GRZ Energy Inc
2252,Go Activist On Co
2255,Mobile US Inc
2261,Jersey Assembly Transportation Co
2264,Long Island Gold Co
2265,Capital Deployment The Co
2266,First Century Fox Inc
2267,Fox Sports Media Group
2269,NTPC Ltd
2270,BSES Yamuna Power Ltd
2272,BSES Rajdhani Power Ltd
2276,TSX Venture Co
2279,Americas PetroGas Inc
2280,Gold Standard Ventures Co
2281,Rye Patch Gold Co
2282,Santacruz Silver Mining Ltd
2286,"FREE AppDownload
Teddy Co"
2287,Winners In The Co
2294,North American Bitcoin Co
2296,AK Steel Holding Co
2297,California Water Service Group
2300,NASDAQ OMX Group
2301,Phelps Investment Management Co
2302,Six Flags Entertainment Co
2304,Ziff Capital ManagementGroup LLC
2306,Equal Employment Opportunity Co
2311,Senates Foreign Relations Co
2312,TIME Inc
2315,Dow Joneswhen News Co
2316,TD Bank Financial Group
2317,SodaStream International Ltd
2322,Hedge Funds Will Co
2325,CEO Dick Co
2329,Brendan McDermid Co
2330,GMCRs Keurig Co
2331,Will Be A Co
2332,Blue Point Brewing Co
2336,Getty ImagesGreen Mountain Co
2338,Wicked This Way Co
2341,Bharat Sanchar Nigam Ltd
2342,Toru HanaiSony Co
2343,About AlL This Co
2346,"FREE AppDownload
USDA Co"
2347,The Environmental Working Group
2349,Hong Asset Management Co
2350,PartyThe European Co
2354,Weill Cornell Medical Co
2355,SydStarts Pete Co
2358,Japans Asahi Glass Co
2361,China Insurance Regulatory Co
2362,Benchmarks For Retirement Inc
2365,The Ux Consulting Co
2366,NUFCOR International Ltd
2369,JP Morgan Global Co
2372,Changing How It Co
2373,Why Emerging Markets Co
2376,"Times  FREE AppDownload
Co"
2378,Shaanxi International Trust Co
2379,TheRetirement Savings Co
2381,TRADEFinancial Co
2387,The Monetary Policy Co
2389,Exploits In His Inc
2390,EntertainmentNBC NewsNBC Sport Group
2391,NBC Sports NetworkThe Co
2392,NetworkThe Weather Channel Co
2393,CNBC DigitalPlaxo Co
2394,McDermidInsurer American International Group
2396,Right Around The Co
2400,Geely Automobile Holdings Ltd
2401,SAIC Motor Corp Ltd
2405,Investors Need To Co
2406,Capita Are Inversely Co
2412,Time WarnerCable Inc
2413,Credit Score Debt Co
2416,Liquidity Trap From Co
2425,Fortescue Metals Group Ltd
2427,Reasons Lower Stock Co
2429,What Investors Should Co
2430,Blanket Ban On Co
2431,"FREE AppDownload
Herbalife Ltd"
2432,Insurance Open Shareholding Co
2434,York County Republican Co
2435,Need To Get Co
2436,Richard BernsteinUnit Labor Co
2437,Richard BernsteinEnergy Co
2460,To Make A Co
2462,NU SkinEnterprises Inc
2463,USANA Health Sciences Inc
2464,Of Asset Management Co
2465,"FREE AppDownload
Group"
2466,VJ8jhaXTgi Co
2469,Boost CEOs Co
2470,And Hires Decouple Co
2471,Buying Opportunity Among Co
2486,Peoples Democratic Reform Co
2492,Army Robotics Technology Co
2497,"Heights FREE AppDownload
Co"
2499,The NASDAQ OMX Group
2501,The Mobile World Co
2502,OverviewThe Financial Services Group
2503,Gold Vault System Co
2504,MarcAndreessenand Scott Co
2505,HIRING INC
2506,HSBC Emerging Markets Co
2508,The Gulf Cooperation Co
2509,Google Earth Engine Co
2510,China Sea Armed Co
2512,South Sudan Military Co
2519,Bryn Mawr Trust Co
2520,"Draft  FREE AppDownload
Co"
2524,Ming Pao Staff Co
2525,District Judge Denise Co
2526,In San Francisco Co
2527,In San Mateo Co
2530,WECs Global Agenda Co
2531,California Public Utilities Co
2532,Expensive When You Co
2537,FileUS Co
2538,The Future Is Co
2540,Market Is Not Co
2546,Executive Officer Michael Co
2551,Buffett Has Some Inc
2553,The Computing Scale Co
2554,American Bell Telephone Co
2559,PIMCOs Investment Co
2564,Vision GT Co
2566,American Airlines Group Inc
2575,The Resolution Trust Co
2580,The Los Angeles Co
2582,Sizemore Capital Management LLC
2585,Of Caffeine And Co
2588,October Ibarra Strategy Group
2589,International System Technology Co
2590,Insider Selling Is Co
2592,"Sheff FREE AppDownload
Co"
2594,Business Network Senior Co
2597,THAT DONAHOES INEXCUSABLE INC
2598,"On Facebook
Wikimedia Co"
2601,Jersey Motor Vehicle Co
2602,TheNew Jersey Co
2605,Democratic Senatorial Campaign Co
2607,OTG Research Group
2609,Adjusted Net Trading Inc
2613,Capital Equities Management Inc
2617,Charting Their Own Co
2623,GalbraithThe Federal Trade Co
2627,Census Bureau American Co
2628,Tianwei Baobian Electric Co
2631,Jilin Province Trust Co
2633,"AppDownload
AP ImagesJon Co"
2640,William Thomas CainJon Co
2642,ABC Television Group
2643,Van Dyke Energy Co
2645,The GoDaddy Group Inc
2651,Miami River Marine Group
2652,Thomson ReutersPIMCO Japan Ltd
2659,Attorney General Martha Co
2662,"AppDownload
Ford Motor Co"
2663,Obamas Global Development Co
2667,Competing Factors That Co
2671,Lions Gate Entertainment Co
2672,JB Global Holdings LLC
2673,"Sachs FREE AppDownload
Co"
2674,Xingrun Real Estate Co
2677,AMSAs Rescue Co
2678,UBS Is Co
2680,"AppDownload
Library Of Co"
2686,"FactSet FREE AppDownload
Co"
2688,TheFederal Communications Co
2697,The Commodity Weather Group
2704,SAC President Tom Co
2705,Kong Trade Development Co
2706,Reasons Capital Spending Co
2707,And Chamber Of Co
2709,"AppDownload
Thomson ReutersEuropean Co"
2712,Southern Power Grid Co
2716,PriceWaterHouse Co
2721,SET FOR UPSIDE Co
2722,NU Skin Enterprises Inc
2723,USANA Health Science Inc
2724,TheCredit Suisse Group
2726,HakBerkshire Hathaway Inc
2727,CVS Caremark Co
2728,Citigroup Global Markets Inc
2733,Jiangsu Sheyang Rural Co
2734,JiangsuSheyangRural Co
2735,Energy Scienceand Technology Co
2738,ChinaBanking Regulatory Co
2741,AutoNavi Holdings Ltd
2742,ChinaVision Media Group Ltd
2743,Reorient Financial Markets Ltd
2749,MWREF Ltd
2750,Tianjin Tianbao Infrastructure Co
2752,Real Estate Holdings Ltd
2754,First Horizon National Co
2757,Times Digital Media Co
2759,Oculus VisionTech Inc
2762,SEI Investments Co
2763,GpqbS4to0J Co
2764,WelcomeToHarvard Co
2765,XacywCKtLO Co
2766,"AppDownload
Via Wikimedia Co"
2768,LamarqueHillary ClintonPotomac Research Group
2770,Ping An Insurance Group
2771,BYD Co Ltd
2772,Age Need To Co
2777,Dow Jones Indices LLC
2780,Beginning  A Levelized Co
2783,Octans I CDO Ltd
2784,SunTrust Banks Inc
2785,Stocks May Be Co
2787,ClearView Energy Partners LLC
2788,Highway Transportation Safety Co
2789,On Energy And Co
2790,New York CityWestchester Co
2797,Investors Have Bigger Co
2799,Up The Platinum Co
2816,Stephen BreyerThe Supreme Co
2825,MF Global UK Ltd
2827,The Charles Schwab Co
2829,Central Bank Governing Co
2831,"Asset Management
Wikimedia Co"
2833,Stocks Are Worth Co
2834,Fattening Profit Margins Co
2835,Asset Management Buying Co
2837,UKs International Computers Ltd
2840,Beazer Homes USA Inc
2843,"Bloomberg FREE AppDownload
Co"
2846,Fort Pitt Capital Group
2847,IEX Group Inc
2858,Tower Research Capital LLC
2861,"Finance FREE AppDownload
Co"
2862,ABN Amro Group
2865,TaiwanesesmartphonemakerHTC Co
2868,Advisers Should Disclose Co
2869,Chanos Chart Will Co
2874,"FREE AppDownload
Barbara Co"
2877,Takeda Pharmaceutical Co Ltd
2878,Takeda Pharmaceutical USA Inc
2880,Investors Should Stop Co
2881,Typical Hedge Fund Co
2882,With FCPA Violations Co
2890,Government Employees Insurance Co
2891,SENTENCING Co
2892,Buybacks May Be Co
2896,In May WH Group
2897,Hainan Airlines Co Ltd
2898,China Southern Airlines Co
2899,China Eastern Airlines Co
2900,ConAgra Foods Inc
2901,Kraft Foods Group Inc
2902,WhiteWave Foods Co
2903,Whole Foods Market Inc
2905,Shanghai Sister City Co
2909,Credit Suisses Investment Co
2915,Brazilian President Luiz Inc
2916,"AppDownload
Isrotel Exclusive Co"
2917,Collection Isrotel Exclusive Co
2919,UK Clinical Research Co
2920,Mercuria Energy Group Ltd
2921,Republican SEC Co
2924,Jessica Rinaldi News Co
2925,Home Loan Mortgage Co
2932,The ADS Group
2934,Eleven James Aficionado Co
2937,NAACP Delaware State Co
2940,Chicago Parking Meters LLC
2943,Current CEO Mike Co
2946,Tri Pointe Homes Inc
2951,Climate Changes Working Group
2952,Physical Sciences Research Co
2953,American Legislative Exchange Co
2954,"Boesler FREE AppDownload
Co"
2955,Ensign Energy Services Inc
2959,CEO Mike Co
2961,Why Advisors Should Co
2968,Interagency Community Reinvestment Co
2972,Keurig Green Mountain Inc
2974,The Future Of Co
2980,Buffalo Wild Wings Inc
2982,Via The Wire Co
2983,General Counsel Legal Group
2984,Information Systems Engineeringat Co
2985,The MSCI All Co
2992,CAPITAL Morgan Stanleys Co
2993,Henan Xinfei Electric Co
2994,Honda Motor Co Ltd
2995,Nissan Motor Co Ltd
2997,Securities Primary Dealership Ltd
2998,INVESTMENT FLOWS Co
2999,Mt Gox Co Ltd
3000,"Facebook
Republican Iowa Co"
3002,Wedbush Equity Management LLC
3003,Census Bureau Surveyof Co
3007,Great Wall Motor Co
3011,At The Market Co
3013,Anthony BolanteFidelity Investments Co
3014,Cornerstone OnDemand Inc
3015,HUMAN CURIOSITY Co
3016,Huffington Post Media Group
3020,Yuen Industrial Holdings Ltd
3021,Fortress Convex Strategies Group
3026,SOCOM Co
3030,Shanghai Film Co Ltd
3031,China National Nuclear Co
3035,Investor Needs To Co
3039,The Principal Financial Group
3041,"Markit FREE AppDownload
Co"
3043,Island Plastic Surgical Group
3044,New Zealand Army Co
3046,The Financial Services Co
3047,Are Taking On Inc
3048,"FREE AppDownload
The Co"
3050,Flickr Creative Commons Co
3055,Mega Tobacco Reg Co
3058,Risk That Things Co
3060,"On Facebook  
Wikimedia Co"
3061,Leju Information Services Co
3063,Black Diamondz Property Co
3064,Chief Executive Edward Co
3067,Independent Commission Against Co
3070,Integrated Wealth Management Inc
3071,Ugly Trend In Co
3078,Sohn Investment Idea Co
3082,Rival MasterCard Inc
3083,ECB President Vitor Co
3084,To Best Manage Co
3085,How Bad It Co
3087,The McConnell Majority Co
3088,McConnell Senate Co
3101,President Vladimir PutinMasterCard Inc
3102,CAGNY Co
3105,Buffett Busts Coke Co
3110,In The World Co
3112,"GMO FREE AppDownload
Co"
3114,Chief Executive Richard Co
3115,Benchmark Capital Management Co
3116,HKND Group
3117,Xinwei Telecom Technology Inc
3118,Canal Development Investment Co
3119,Environmental Resources Management Ltd
3120,Group Construction Machinery Co
3121,China Railway Construction Co
3122,Kong Nicaragua Development Co
3123,Agriculture Development Group Inc
3124,Dingfu Investment Consulting Co
3125,Professional Investment Management Inc
3131,Great Opportunity To Co
3133,MarketWatchZulily Inc
3134,Facts About American Co
3138,Thou Shall View Co
3139,ReutersThe Ford Motor Co
3142,Annual Sohn Investment Co
3143,"FREE AppDownload
Corcoran Group"
3149,Pimco Emerging Markets Co
3150,Than Its Dubious Co
3151,Dan Dan Noodles Co
3152,National Resources Defense Co
3153,Draghi Holds Press Co
3158,Hung Kai Properties Ltd
3161,AlibabaGroup Holding Ltd
3162,Wasu Media Holding Co
3163,Digital TV Media Group
3164,Pudong Development Bank Co
3169,RMK Co Ltd
3171,BFA Annual Co
3172,Phoenix New Media Ltd
3177,Two Most Likely Co
3178,CORE Group
3182,Nasdaq Hires New Co
3189,Samsung SDS Co
3190,LPL Financial Compliance Co
3193,FRBNY Co
3194,Economic Policy Institute Co
3196,"AppDownload
Thomson ReutersAlibaba Group"
3199,Kentucky School Facilities Co
3201,McGraw Hill Financial Inc
3204,Hatch As New Group
3205,Altegris Strategic Investments Co
3209,Knight Capital Group Inc
3212,Remember Best Buys Co
3213,"AppDownload
Bespoke Investment Group"
3215,Deutsche Bank Securities Inc
3217,An Update On Co
3218,IBERIABANK Co
3219,BOK Financial Co
3220,Bitcoin Foundation General Co
3228,China Pacific Insurance Group
3229,China Investment Capital Co
3230,Li Ning Co Ltd
3232,Up Of Investor Co
3234,See What Our Co
3241,Tianhong Asset Management Co
3244,Like The Canadian Co
3245,James Private Client Group
3247,XVIII Airborne Co
3248,"On Facebook
Rebecca Co"
3250,School Facilities Construction Co
3251,GoPro IPO Co
3252,"FREE AppDownload
From Co"
3253,Telecomand Southwestern Bell Co
3254,MyRA Co
3261,Current Stock Market Co
3262,CFA Institute Annual Co
3263,"FREE AppDownload
Jeffrey Co"
3264,MITInvestment Co
3266,USGA Co
3267,High Yield Bond Co
3270,Is A Military Co
3271,Affairs Daniel Russelto Co
3274,"AppDownload
Tim Elmes Group"
3275,Samsung SDI Co Ltd
3276,New Yorks Frick Co
3278,"AppDownload
AP PhotoGary Co"
3281,Fox In Marvel Co
3283,Arizona Public Service Co
3285,Read The Rest Inc
3288,Why Saving For Co
3291,Financial Services Investor Co
3292,Superior CourtLA Superior Co
3296,Hillshire CEO Sean Co
3297,The Hillshire Brands Co
3299,CNOOC Group
3301,The Emerging Market Co
3307,Should Invest For Co
3308,Largest Hedge Funds Co
3309,Kelvin Natural Slush Co
3310,Bernstein Strategic Decisions Co
3319,OfficerThe Hillshire Brands Co
3324,Nuveen Asset Management LLC
3325,To Meet Their Co
3329,ValleyCrest Companies LLC
3330,Insigma Technology Co Ltd
3331,RBC Capital Markets LLC
3335,Slowing But Not Co
3337,Street General Acquisition Co
3338,In FebruaryCEO Tim Co
3339,Feds Investor Advisory Co
3340,The Seattle City Co
3342,Private Client Service Group
3344,WWDCApple CEO Tim Co
3346,"Bank FREE AppDownload
Co"
3351,National Pork Producers Co
3354,Dreyfus Opportunistic Fixed Inc
3355,Had Waited To Co
3356,Pax World Management LLC
3360,New York Landmarks Co
3363,Greenwich Wealth Management LLC
3369,ECONOMY ON MEND Co
3371,Working With Unmarried Co
3372,Harris Stevens Paige Co
3373,South West Interactive Co
3375,ON TRACK Co
3376,Sally Beauty Holdings Inc
3380,"On Twitter
SonySony Co"
3381,Thomson ReutersGoldman Sachs Group
3382,AMC Entertainment Inc
3385,The Wealth Transfer Co
3386,"FREE AppDownload
Wiki Co"
3389,NOAA Co
3390,State Of The Co
3391,The Decade Will Co
3395,Soe Zeya TunMasterCard Inc
3397,Japan Pension Fund Co
3400,"Mathis FREE AppDownload
Co"
3402,Clients About Total Co
3404,Canadian Pharmaceutical Company Co
3405,CommodityFuturesTrading Co
3407,Why Investors Should Co
3408,BAML Advisors Are Inc
3409,BVD Cloud Co
3412,"FREE AppDownload
Jess Co"
3414,Nast Cond Nast Co
3415,Amaya Gaming Group Inc
3416,The Priceline Group Inc
3417,"AppDownload
Space Expedition Co"
3426,IPEDS Delta Co
3432,Things When It Co
3433,Finance The Supreme Co
3434,Getty ImagesThe Supreme Co
3435,Valeant Pharmaceuticals International Inc
3441,KB Financial Group Inc
3444,JPMorgan Strategic Inc
3449,Iran Revolutionary Guard Co
3452,Data Collection System Co
3453,AnalystTempleton Emerging Markets Group
3460,"On Twitter 
Tootsie Co"
3464,And Fairmount Minerals Ltd
3466,Martin Marietta Materials Inc
3470,Of All The Co
3473,On Emerging Market Co
3475,Middle Eastern Home Co
3476,"FREE AppDownload
Ursula Co"
3478,China Oilfield Services Ltd
3482,"FREE AppDownload
Nazareth Co"
3489,Net Worth Individuals Inc
3490,"FREE AppDownload
Katie Co"
3491,Securities And Exchange Co
3492,"FREE AppDownload
Dell Inc"
3493,WEC Energy Group
3494,Other American Apparel Co
3496,Markit Flash France Co
3499,Weight Markets And Co
3500,The Morningstar Investment Co
3501,Managers When It Co
3503,Luxury Lifestyle Report Co
3507,Super Political Action Co
3511,Cynic When It Co
3512,Stocks But This Co
3513,Julia CannonChinese Co
3516,IMG International Holding Co
3518,Fiber Strategic Product Group
3519,Oil Exports Are Co
3521,Tongling Nonferrous Metals Group
3525,Kun Group Holding Co
3527,World Largest Tobacco Co
3529,China Grain Reserves Co
3532,Planning Retirement Advisor Co
3537,Investment Technology Group Inc
3539,The Pitchforks Are Co
3543,New Eastcoast Arms Co
3544,BNY Mellon Co
3548,Rick WilkingLennar Co
3550,EU Economic Affairs Co
3552,Canadas AVEtec Energy Co
3554,"AppDownload
COREAndrea Soros Co"
3555,Jones Lang LaSalle Inc
3556,Chinese Banking Regulatory Co
3558,Bill Miller Makes Co
3559,"FREE AppDownload
El Co"
3563,Strategas Research Partners LLC
3569,Ousted American Apparel Inc
3572,Started A Huge Co
3573,General Motors2008 Chevrolet Co
3577,With Great Power Co
3581,FvxwpX1S Co
3586,GoldmanSachs Group Inc
3589,But The Number Co
3591,NextEra Energy Inc
3593,Samsung SDI Co
3594,Jinpings Fight Against Co
3596,White House Deputy Co
3600,Alhambra Investment Partners LLC
3601,Fedspeak Calendar Market Co
3602,Finance Minister Mathias Co
3603,Technology Will Streamline Co
3609,And Bespoke Investment Group
3611,China Rail Construction Co
3612,Shanghai Industrial Investment Co
3613,Xinwei Telecom Enterprise Group
3615,Beijing Third Intermediate Co
3617,Pacific Management Consulting Group
3619,Lack Of A Co
3620,How Volkswagen Can Co
3631,Andrew KellyA Co
3632,The Container Store Group
3633,YouTubeCitigroup CEO Michael Co
3637,Clear If The Co
3638,Business Insider Jill Co
3640,Espirito Santo Financial Group
3641,European Trade Unions Co
3643,UBS Securities Co Ltd
3647,IHS Global Insight Inc
3648,Sinovel Wind Group Co
3649,Tsui Wah Holdings Ltd
3652,BILLION IN NET INC
3653,ARodriguezAP Co
3654,Bat Technical Advisory Co
3658,WayneParryAC Co
3662,ENERGA Group
3664,CYNK Technology Co
3665,OTC Markets Group
3667,That Have Suddenly Co
3669,Wing Business Services Inc
3670,"House FREE AppDownload
Co"
3673,Mistake That Can Co
3675,Baby Bee Bright Co
3676,Future World Energy Inc
3681,Mortgage Settlement2 NET INC
3688,Dynasty Financial Partners LLC
3689,HighTower Advisors LLC
3692,Vast Left Wing Co
3693,USAChip Co
3698,Jersey Governor Jon Co
3703,Basel III Liquidity Co
3704,German Investor Confidence Co
3705,ChinaVision Media Group
3706,China CITIC Bank Co
3707,What Advisors Think Co
3709,Deputy Attorney GeneralJames Co
3711,Mediatech Capital Partners LLC
3713,S65 AMG Co
3716,Rick WilkingLeon Co
3717,Nordic American Offshore Ltd
3719,"FREE AppDownload
DealBook Co"
3720,CNBC Delivering Alpha Co
3722,Giant Interactive Group Inc
3723,China Dongxiang Group Co
3724,Company Sun Valley Co
3726,The Buffett Partnership Ltd
3729,Advisors Are Seeing Inc
3730,Advanced Micro Devices Inc
3731,"AppDownload
White House Co"
3733,CURRENCY FIRMS Framework Inc
3736,British Sky Broadcasting Group
3737,AMC Networks Inc
3738,Orange Country Judge Co
3743,ASUSTeK Computer Inc
3745,Hudson River Trading LLC
3747,High Times Cannabis Co
3749,Rupert Murdochs News Co
3750,But This Time Co
3751,CEO CBS Co
3752,"AppDownload
Thomson ReutersNews Co"
3754,Multnomah County Circuit Co
3755,King County Superior Co
3761,Ferguson Strategic Investment Co
3762,US ETF Co
3764,ReutersRealty Income Co
3765,The Monthly Dividend Co
3766,Container Store Group Inc
3767,Lumber Liquidators Holdings Inc
3768,"AppDownload
Extell Development Co"
3771,Jonathan ErnstNews Co
3772,The Boom Is Co
3773,CEBM Group
3774,CBS Outdoor Americas Inc
3775,Van Wagner Communications LLC
3778,Shanghai Husi Food Co
3779,Wage Growth Is Co
3781,Canadian Corsa Coal Co
3783,Chrysler Toledo Assembly Co
3788,Emblem Health Services LLC
3789,Brookfield Office Properties Inc
3790,Cromwell LLP Creighton Co
3791,Island Capital Group LLC
3792,Ladder Capital Finance LLC
3793,Forest City Ratner Co
3795,SL Green Realty Co
3796,CI Capital Partners LLC
3797,The Este Lauder Co
3798,RXR Realty LLC
3799,Zurich Insurance Group Ltd
3800,Madison Square Garden Co
3802,Neuberger Berman Group LLC
3803,The Williams Capital Group
3804,Eastern Regional Helicopter Co
3806,Capital IQ Co
3807,The Nielsen Global Co
3810,Law Professor John Co
3811,MartinGilead Sciences Inc
3813,China Business Aviation Group
3814,REUTERS Co
3816,Rongshida Sanyo Electric Co
3820,Executive Officer Tim Co
3823,Marketing Global Brands Co
3824,OTC Markets Group Inc
3825,OTCM CEO Cromwell Co
3826,OTCMCromwell Co
3827,Municipal Custom HY Co
3830,Los Angeles Technical Co
3831,Chiquita Brands International Inc
3834,Central Criminal Custody Co
3836,Yorks Citizens Budget Co
3837,Public Interest Resource Group
3839,Game Save For Co
3843,Carl Black Automotive Group
3854,North America Holdings Inc
3856,Fury Road Comic Co
3857,Literally Is Bringing Co
3858,Shares High Yield Co
3859,Carl_C_Icahn Co
3863,OSI Group LLC
3867,Chipotle Mexican Grill Inc
3871,The UN Co
3872,Insider5 Strategies To Co
3876,MillerTwitter CEO Dick Co
3882,Hartford Financial Services Group
3883,Big RE Co
3887,Advisors Are Most Co
3894,"FREE AppDownload
Airbus Group"
3895,Getty ImagesWilliams Co
3896,Best Deal He Co
3899,United Nations Framework Co
3910,Credit Derivatives Determinations Co
3911,Silicon Motion Technology Co
3918,Delude Yourself  Stocks Co
3920,Mel EvansCorrections Co
3924,Zhongrong Metal Products Co
3926,Advisors Are Less Co
3932,General Motors Financial Co
3936,United States European Co
3937,TokyoBy Wayne Co
3939,Sum Payout Over Co
3941,"Tanks FREE AppDownload
Co"
3943,North Dakota Petroleum Co
3948,Insurer American International Group
3950,Mead Johnson Nutrition Co
3952,Reuters Loan Pricing Co
3953,Shinyang Engineering Co Ltd
3954,Dongguan Shinyang Electronics Co
3956,The Key To Inc
3957,Most Of His Co
3960,Korean Air Lines Co
3966,"FREE AppDownload
Kevin Co"
3968,AC Casino Marks LLC
3973,ARVCO Capital Research LLC
3974,Ben NelmsTekmira Pharmaceuticals Co
3975,Project Manager Medical Co
3977,Tekmira Tekmira Pharmaceuticals Co
3978,Volatility Can Be Co
3979,"FREE AppDownload
LinkedInAngela Co"
3983,Company Crios Washed Co
3984,Archer Daniels Midland Co
3986,TheHalifax Housing Market Co
3988,Council Work Safety Co
3991,Investors Searching For Inc
3992,Warned Us Rates Co
3996,Madoff Investment Securities LLC
3998,Iraqi Air Force Co
3999,"FREE AppDownload
StreetEasyThe Co"
4000,Passat Blue Motion Co
4001,"AppDownload
Thomson ReutersA Co"
4008,Thomson ReutersSahara Group
4009,Chinas Banking Regulatory Co
4010,GAC Toyota Motor Co
4011,Dongfeng Motor Group Co
4016,Gold Mountain Mining Co
4020,Vice President Joseph Co
4027,ValueAct Capital LLC
4031,ReutersThe Beef Products Inc
4032,Union County Circuit Co
4033,First Judicial Circuit Co
4034,The US Marine Co
4035,AQR Capital Management LLC
4037,Micro Financial Services Co
4038,Investment In The Co
4039,Apax WW Nominees Ltd
4043,Chief Executive Brian Co
4046,Directors Risk Policy Co
4047,FRED Co
4052,ReutersA General Electric Co
4054,Axalta Coating Systems LLC
4056,Hertz Global Holdings Inc
4059,Per Capita Personal Inc
4060,Mitsubishi Heavy Industries Ltd
4061,Chief Executive Ray Co
4064,Pershing Square Holdings Ltd
4068,WashingtonBy Moriah Co
4069,FAW Group Co
4076,Hangzhou Yunbo Investment Co
4078,Mike NudelmanChase Co
4079,Business InsiderLeon Co
4080,APPLE INC
4081,COVIDIEN PLC Co
4082,EBAY INC
4083,FACEBOOK INC
4084,ZYNGA INC
4087,Stanley Smith Barney LLC
4088,Sage Advisory Group LLC
4090,NewLink Genetics Co
4092,Fairholme Capital Management LLC
4093,Off Yet Because Co
4094,Good Investing And Co
4096,The International Maritime Co
4097,Shanghai Roche Pharmaceutical Co
4098,Chugai Pharmaceutical Co Ltd
4099,China CNR Corp Ltd
4100,China CNR Co
4101,CAPITAL INC
4102,Rolling Stock Corp Ltd
4106,Alibaba Pictures Group Ltd
4107,Canadian Pacific Railway Ltd
4108,BNSF Railway Co
4109,Canadian National Railway Co
4112,Public Finance Guarantee Co
4113,Michael Kors Holdings Ltd
4115,Robin Gourmet Burgers Inc
4116,The Regional Bank Co
4118,Thomson ReutersThe Deloitte Co
4123,Its Political Action Co
4124,"Report  FREE AppDownload
Co"
4125,Jersey Financial Services Co
4129,Merrill Lynchs Global Co
4131,ReutersA Skymark Airlines Inc
4133,LOEC Inc
4134,Is Making A Co
4136,Regulatory Advisory Services Group
4139,The USB Promotor Group
4145,McDermott International Inc
4146,White Mountains Insurance Group
4147,Zhejiang Geely Holding Group
4149,Thomson ReutersMitsubishi Motors Co
4150,Sumitomo Electric Industries Ltd
4151,China Life Insurance Co
4152,CITIC Group
4156,Is In Good Co
4157,Premium Payments Are Co
4158,Everett Smith Group Ltd
4163,Nearing Deal Over Co
4164,Yida International Investment Group
4165,Rival NTN Co
4167,Major Stock Market Co
4170,Kevin LamarqueCountrywide Financial Co
4180,SandRidge Energy Inc
4181,New YorkGoldman Sachs Group
4183,Alliance Boots Holding Ltd
4185,National Multifamily Housing Co
4188,AILING WIFE Co
4191,Toru HanaiSoftBank Co
4192,Alaska Air Group Inc
4194,Delta Air Lines Inc
4196,United Continental Holdings Inc
4199,Pollo Loco Holdings Inc
4201,US Economic Data Co
4202,South Bay Apparel Inc
4206,Vanguard Fixed Income Group
4207,Eaton Vance Investment Co
4211,Banks Monetary Policy Co
4212,Integrys Energy Group Inc
4215,With The NSA Co
4216,"AppDownload
FREE AppDownload
Co"
4222,Scottish Re Group Ltd
4226,Conference Boards CEO Co
4228,Shadow Financial Regulatory Co
4229,California Housing Partnership Co
4231,Penn West Petroleum Ltd
4233,Lehigh Carbon Community Co
4238,Markit US Co
4239,German Business Confidence Co
4243,Revel AC Inc
4245,National Foreign Trade Co
4250,Washington States Grand Co
4251,Alibaba Group Holdings Inc
4254,Getty ImagesSan Diego Co
4256,Kandi Technologies Group Inc
4258,Westpac MNI China Co
4260,Volkswagen Automotive Co Ltd
4262,"AppDownload
 AFP Fabrice Co"
4268,US EMP Co
4269,AP ImagesBurger King Co
4271,Alpha Epsilonat Dartmouth Co
4277,US BLS Co
4279,IMC Chicago LLC
4281,KCG Holdings Inc
4283,Huarong Asset Management Co
4284,CITIC Securities International Co
4285,COFCO Co
4287,"AppDownload
Josue MendivilDartmouth Co"
4288,Claims Via Wikimedia Co
4291,TABB Group
4294,Miami International Holdings Inc
4297,Walker Capital Management LLC
4305,Baker Hughes Rig Co
4306,Automotive Industry Holding Co
4308,Emera CNG LLC
4309,Wentworth Gas Marketing LLC
4316,Cruise Line Holdings Ltd
4317,Royal Caribbean Cruises Ltd
4321,China Market Research Group
4328,Avis Budget Group Inc
4329,Cathay Pacific Airways Ltd
4330,GalbraithApple CEO Tim Co
4331,Breaux Lott Leadership Group
4332,Odds When It Co
4334,Hong Kong Stock Co
4337,ImagesAngelo Mozilo Former Co
4338,"Bloomberg  FREE AppDownload
Co"
4340,Dunkin BrandsGroup Inc
4341,Chinese PMI Co
4344,Islamic Liquidity Management Co
4345,Dunkin Brands Group Inc
4346,The HS Co
4352,Getty ImagesVirgin Group
4353,Grand Cherokee SUVChrysler Group
4356,Astenbeck Capital Management LLC
4358,Consumer Holdings USA Inc
4359,Capital One Financial Co
4362,CEO Calls For Co
4365,WilkingApple CEO Tim Co
4371,Investors Better Be Co
4372,International Consolidated Airlines Group
4373,"AppDownload
StreetEasyWarner Music Group"
4374,JANY Sukuk Co
4379,Executive Chairman Alibaba Group
4380,ProVise Management Group LLC
4381,An American International Group
4391,Boeing Chief ExecutiveRay Co
4394,SullivanApple CEO Tim Co
4396,IPOX Schuster LLC
4399,Best Ways To Inc
4401,Enough To Restore Co
4405,Fir Tree Partners Inc
4407,Barclays Financial Services Co
4408,And China Investment Co
4410,"FREE AppDownload
APMembers Co"
4412,Executive Officer Mike Co
4414,Polak Annual Reasearch Co
4416,Citizens Financial Group Inc
4417,Hertz Equipment Rental Co
4421,The Jim Henson Co
4423,Mitsui Asset Management Co
4429,Investing In Chinese Co
4431,"FREE AppDownload
Tim Co"
4432,"Facebook
Via Wikimedia Co"
4433,"AppDownload
Business InsiderTim Co"
4435,"FREE AppDownload
Rebecca Co"
4436,ImagesTrump Entertainment Resorts Inc
4437,Trump Entertainment Resorts Inc
4438,High For Tim Co
4442,Salus Capital Partners LLC
4443,"FREE AppDownload
Wikipedia Co"
4444,AWAS Aviation Capital Ltd
4446,Sumitomo Mitsui Financial Group
4450,Feds Labor Market Co
4451,Rinehart Capital Partners LLC
4453,"On YouTube
Wikimedia Co"
4455,Global Distressed Securities Group
4459,May Already Be Co
4464,ReutersApple CEO Tim Co
4466,Simon Property Group Inc
4467,Thomson ReutersA Panasonic Co
4469,In Order To Co
4470,Investing In Infrastructure Co
4473,Q50 Eau Rouge Co
4474,Harris Teeter Supermarkets Inc
4479,The Fresh Juice Co
4481,FTSE Group
4484,SPEEA President Cynthia Co
4486,"FREE AppDownload
European Co"
4487,Dollar Thrifty Automotive Group
4488,North Gauteng High Co
4493,Portugal Governor Carlos Co
4500,Rock Creek Group LLC
4501,Automobile Dealers Association Inc
4502,Tesla Motors MA Inc
4504,World Bank Development Co
4513,Suisse Asset Management Co
4520,Rivals Ford Motor Co
4522,Niche Taiwan Textile Co
4523,President Barack Obamas Co
4524,The CEO Co
4527,HoonApple CEO Tim Co
4529,Says The Economy Co
4530,"FREE AppDownload

Wikimedia Co"
4531,Space Exploration Technologies Co
4537,Retirement Gets More Co
4538,Rosenthal Wealth Management Group
4543,Rival Dow Chemical Co
4546,Nathalin Offshore Company Ltd
4548,"On YouTube
Marvel Co"
4549,NOAH Co
4550,Long Distance Telephone Co
4553,"AppDownload
Data Driven Co"
4555,Michelle McLoughlinRobert ShillerWellesley Co
4558,Central Bank Is Co
4561,NRG Energy Inc
4562,Make A Big Co
4566,Wrightson ICAP LLC
4570,The Rubicon Project Inc
4571,Float Pricing Is Co
4573,Chief Executive Boris Co
4576,Hot Dog Eating Co
4577,While JMP Group
4578,"AppDownload
Thomson ReutersOracle Co"
4583,Capital Market Laboratories LLC
4584,Brendan McDermidAlibaba Group
4585,Pearkesof Bespoke Investment Group
4587,Will Lead Annual Co
4592,Best Cooking Pulses Inc
4600,Evergrande Real Estate Group
4603,ReutersSailor George Co
4605,ChinaFAW Group Co
4608,"AppDownload
Thomson ReutersSoftBank Co"
4609,NYPD Co
4611,"World  FREE AppDownload
Co"
4612,Nuclear Power Holding Co
4613,Ways To Improve Co
4615,Carlyle CEO William Co
4618,RGY Investments LLC
4619,Drew KerrLeon Co
4620,"AppDownload
William E Co"
4621,Markets Most Influential Co
4622,Advance Auto Parts Inc
4625,FIFA Executive Co
4628,To Slow To Co
4629,Lucas JacksonAlibaba Group
4632,The GHK Co
4637,CVS Health Co
4638,Harvard Management Company Inc
4641,The Extent And Co
4643,To Split Its Co
4644,US Manufacturing Data Co
4650,ReutersTesla Motors Inc
4651,Community Health Systems Inc
4652,TrustedSEC LLC
4653,Equity Incentive Plan Co
4654,TREX Co Inc
4655,FAB Universal Co
4656,PowerShares Broad Co
4662,Commercial Airplanes Ray Co
4664,The Board Outperform Co
4670,Vermont Pension Investment Co
4671,Pension Consulting Alliance Inc
4672,Management Investment Advisers LLC
4673,Mercer Core Fixed Inc
4674,PF Wealth Management Group
4675,Wells Fargo Advisors LLC
4677,PIMCO High Inc
4678,Finance The PIMCO Inc
4679,The PIMCO Dynamic Inc
4680,PIMCO Dynamic Credit Inc
4682,"Survey IPUMS
Wikimedia Co"
4684,The PIMCO High Inc
4685,Yahoo FinancePimco High Inc
4687,Janus Capital Group Inc
4690,About Janus Capital Group
4692,Janus Capital Management LLC
4693,Force Special Operations Co
4694,TorontoBlackBerry Ltd
4695,Growth Will Be Co
4696,Inflation Might Be Co
4701,Korea Electric Power Co
4702,Hyundai Mobis Co Ltd
4707,FromBLS Co
4708,Pinnacle West Capital Co
4711,Trying To Anticipate Co
4712,Real Estate And Co
4713,PowerShares DB Co
4714,Franklin Wealth Advisors Inc
4715,Resource Horizons Group LLC
4717,Einstein Noah Restaurant Group
4723,ECBs Benoit Co
4738,Because Many Inverted Co
4741,Citigroup CEO Michael Co
4743,Damian DovarganesThe Co
4746,Vanguard And Blackrock Co
4747,Francois LenoirEuropean Union Co
4748,Vanguard Groupand BlackRock Inc
4749,Janus CapitalGroup Inc
4750,San Luis Obispo Co
4756,US Army Air Co
4759,Great American Car Co
4764,Germanys Manufacturers Are Co
4765,Western Asset Management Co
4769,TheVan Tuyl Group
4770,National Iranian American Co
4771,Sanders Morris Harris Inc
4775,"FREE AppDownload
Rose Co"
4777,Huge Asset Holding Co
4779,CSN Stores LLC
4780,Thomson ReutersThe Trust Co
4787,Policy Decision Is Co
4788,SPCS Co
4789,Invesco Perpetual High Inc
4790,Thomson ReutersTesla Motors Inc
4793,Advisors Are Losing Co
4794,Barclays US Convertibles Co
4795,Tax On Investment Inc
4799,FBT Everett Realty LLC
4800,The Massachusetts Gaming Co
4803,Taiwan Financial Supervisory Co
4805,Has Had A Co
4809,"Business Insider
Barbara Co"
4814,Kawasaki Heavy Industries Ltd
4818,IT HP Inc
4819,Provides Each New Co
4830,Wealthy People Are Inc
4831,Anbang Insurance Group Co
4837,Newedge USA LLC
4839,GT Advanced Technologies Inc
4840,United States Bankruptcy Co
4841,Hilton Worldwide Holdings Inc
4848,Besides SK Hynix Inc
4849,Factory Orders Are Co
4850,Round Of The Co
4851,Economy Minister Is Co
4855,Ready For A Co
4856,Why A Wireless Co
4860,"Finance  FREE AppDownload
Co"
4862,Turn Leaves The Co
4863,REDUCED ROLE Co
4864,Japan Stays The Co
4865,Hitting Western European Co
4868,"FREE AppDownload
Gap Inc"
4877,Latest Minutes Are Co
4880,China FAW Group Co
4885,The Big Bus Co
4887,AsuSTEK Co
4892,Largest Adjust Gross Inc
4899,Jobless Numbers Are Co
4900,ISIS Now Co
4903,EFS Midstream LLC
4904,Retailer Sears Holdings Co
4908,Only Got One Co
4909,Sister Got Two Co
4912,OrganiGram Holdings Inc
4913,Export Prices Are Co
4921,"Economist FREE AppDownload
Co"
4927,AITE Group
4928,It If They Co
4930,Consumer USA Holdings Inc
4932,Fargo Preferred Capital Inc
4934,Westlake Financial Services Inc
4936,PIRA Energy Group
4937,The Bond Bull Co
4944,NICE Systems Ltd
4947,Thomson ReutersEuropean Trade Co
4950,DVANet Interest Margin Inc
4951,Mortgage Guaranty Insurance Co
4952,Business Optimism Is Co
4954,ETFs Are Too Co
4957,Retail Sales Are Co
4958,Educational Attainment Medium Inc
4959,Employer Health Benefit Co
4961,The US Supreme Co
4964,Former Wells Fargo Co
4966,CF Industries Holdings Inc
4968,"FREE AppDownload
Lake Co"
4971,SeaWorld Entertainment Inc
4972,Industrial Production Is Co
4973,Germany Treats Defense Co
4974,John KolesidisThe European Co
4975,BTIG LLC
4977,Micro Financial Services Group
4978,Sihuan Pharmaceutical Holdings Group
4981,Mutual Life Insurance Co
4984,"APPLY NOW 
Wikimedia Co"
4986,Funds With Low Co
4991,"FREE AppDownload
CIM Group"
4992,Developers CIM Group
4995,Reserves Open Markets Co
4996,Top Goldman Sachs Group
4999,Foundations International Tax Co
5007,About Health Care Co
5008,InsiderApple CEO Tim Co
5013,Robin Hood Investor Co
5016,Eduardo Munoz Allergan Inc
5019,Resigned Amid A Co
5020,Plan Buying French Co
5022,The World Jewish Co
5023,Israel Public Affairs Co
5024,Go For Fixed Inc
5025,AXA Advisor LLC
5027,The Robin Hood Co
5034,Home Sales Are Co
5037,China Construction Bank Co
5041,United Community Housing Co
5045,CoThe Franklin Mortgage Co
5046,NPRs Audie Co
5051,Trade Picture Is Co
5053,Citic Offshore Helicopter Co
5058,Tier Capital Partners LLC
5061,Google FinanceYelp Inc
5062,Manufacturing PMI Is Co
5063,CSR Corp Ltd
5073,"GPS Report
Wikimedia Co"
5076,Group Real EstateCorcoran Group
5079,Business Economists Annual Co
5082,US Port Squeeze Co
5093,BlackRocks Municipal Bonds Group
5095,ImagesTwitter CEO Dick Co
5104,American Apprenticeships Grant Co
5106,GT Advanced Technology Inc
5109,Global Executive Search Ltd
5113,Durable Goods Are Co
5116,Samsung Life Insurance Co
5117,Samsung Asset Management Co
5120,Samsung Heavy Industries Co
5121,Samsung Engineering Co Ltd
5122,Alibaba Group Holdings Ltd
5125,Inc  CEO Tim Co
5129,Rival General Mills Inc
5132,Peng Sports Wear Co
5133,Fed Decision Is Co
5136,TorreyCove Capital Partners LLC
5138,Nielsen Global Consumer Co
5139,Sachs Annual Retail Co
5140,The Kachin Baptist Co
5141,US GDP Is Co
5143,On Monday Tim Co
5144,American Energy Innovation Co
5148,About Being Adequately Co
5149,Dempster Mill Manufacturing Co
5152,Consumer Spending Is Co
5155,Global Mobile Internet Co
5157,Yonyou Software Co Ltd
5158,FlickrARVADA Co
5159,Thomson ReutersA Sony Co
5160,Esther Kaplan Tim Co
5161,Ji Hyundai Motor Group
5162,WikipediaDon Michael Co
5168,Commodity FuturesTrading Co
5170,GOP Finance Co
5173,Dongbei Special Steel Group
5179,PMI Data Is Co
5180,Asia Pacific Economic Co
5181,Estate Investors Should Co
5182,International Assets Advisory LLC
5183,ECOFIN Co
5185,CHX Holdings Inc
5186,BATS Global Markets Inc
5187,CNBCs Delivering Alpha Co
5188,"FREE AppDownload
Dartmouth Co"
5190,"AppDownload
The European Co"
5192,Economics The European Co
5193,Investors View A Co
5194,The Oklahoma Supreme Co
5199,US Chambers Of Co
5201,Guangzhou Automobile Group Co
5203,Media Calculated NFP Co
5204,Hybrids Are Lower Co
5205,The Power Of Co
5206,Full List Of Co
5207,Golden Eagle International Group
5209,TheOklahoma Supreme Co
5210,PCT3iAbbott LaboratoriesABN Amro Group
5211,ManagementDevelopers Diversified Realty Co
5212,HanninkGategroupGazpromGE Group
5213,FlowersJardine Matheson Group
5214,MorganJulius Baer Group
5215,Electronic Beam Lithography Group
5217,Four Big Changes Co
5218,RCS Capital Co
5219,GTAT Co
5223,Airlines Continental Holdings Inc
5230,Old Royal Naval Co
5233,Ethan MillerDick Co
5239,Raymond James Financial Inc
5240,YouTubeMerrill Lynch Co
5241,Public Service Enterprise Group
5243,CACI International Inc
5244,Southern Life Insurance Co
5246,Penske Truck Leasing Co
5247,The GEO Group
5249,UTI Drilling Company LLC
5250,Japan Are Still Co
5251,Dividends Help Clients Co
5252,"FREE AppDownload
WIkimedia Co"
5253,Strait Wealth Management Group
5255,The World Top Inc
5257,Armour Mens UA Co
5258,Mens HeatGear Sonic Co
5259,HeatGear Sonic Co
5262,Miss World National Co
5265,The Edge Consulting Group
5266,Volt MAX Co
5267,Amazon Estwing Mfg Co
5268,"On YouTube
Co"
5270,HoonAsia Pacific Economic Co
5272,Laguna BeachAlibaba Group
5274,To Be In Co
5279,Texas Gallaghers Grill Co
5280,Pepper Tree Restaurant Co
5282,Amazon  AmazonPremium Co
5283,Swissmar Stainless Steel Co
5284,Precision Kitchenware  Luxury Co
5285,AmazonDecodybe Cocktail MuddlerDecodyne Co
5286,"AppDownload
Flickr Creative Co"
5290,Commodity Futures Traders Co
5292,Even Middle Class Co
5301,McAfee Embedded Co
5304,Oil Minister Seems Co
5305,Finally Pass US Co
5306,Tianhe Chemicals Group Ltd
5307,Wall Asset Management Co
5308,Xidatong International Trading Co
5309,State Civil Supplies Co
5311,New York Distilling Co
5312,Bars For Classic Co
5313,Amazon Secura Electric Co
5314,Quart Stainless Steel Co
5316,Amazon  AmazonNew Professional Co
5317,Speciality Stock Pot Co
5318,Good Grips Wooden Co
5320,Amazon  AmazonKeeble Outets Co
5321,Quilted Oven Mitts Co
5324,Shale Boom EIA Inc
5330,Ant Financial Services Group
5331,MONY Group
5334,Federal Regulatory Energy Co
5335,Ssangyong Motor Co Ltd
5340,Sirius XM Holdings Inc
5341,Most Dynamic Pharmaceutical Co
5344,Management Columbia Management Co
5345,ECB Announces Co
5346,About That Japanese Co
5347,Pharma Industry Merger Co
5351,Cheeseand Butter Factory Co
5352,Australia China Business Co
5353,Investment Management  Solutions Group
5354,Minority Whip John Co
5355,"AppDownload
Thomson ReutersBudget Co"
5356,Jersey State Investment Co
5360,Glowing Blue LED Co
5361,Inflation Data Is Co
5364,Caesars Entertainment Operating Co
5366,Peter J Solomon Co
5374,Black Beard Lube Co
5377,CEO Brian Co
5378,Bank Expects The Co
5379,US Federal Trade Co
5382,Regret Investing Too Co
5383,Investors Should Consider Co
5384,Silver Lake Management LLC
5388,New EU Competition Co
5391,Superb Summit International Group
5392,Commodities Principal Investment Group
5393,Banks Over Their Co
5395,International Trade Services LLC
5400,International CTIA WIRELESS Co
5401,Frankfurt European Banking Co
5402,ECB Vice President Co
5407,WL Ross Holding Co
5408,Super Bowl Host Co
5412,Power International Development Ltd
5416,Calfrac Well Services Ltd
5418,Harris  The European Co
5419,"Breaks FREE AppDownload
Co"
5420,Vice President Vitor Co
5421,"FREE AppDownload
Stack Co"
5424,NBA Eastern Co
5426,To Improving US Co
5427,Incredibly Tangled And Co
5429,US Capital Advisors LLC
5432,Estee Lauder Pure Co
5433,Mercier Crme Cheek Co
5434,Bernstein Capital Management LLC
5435,Richard Bernstein Advisors LLC
5436,BloombergNewsAs Co
5442,Intesa May Buy Co
5443,RenaissanceRe Holdings Ltd
5444,Platinum Underwriters Holdings Ltd
5445,BioMarin Pharmaceuticals Inc
5447,The UK High Co
5448,Discover Financial Services Inc
5452,NATO Defense Co
5455,HoneyBaked Ham Co
5461,The Beverage Information Group
5464,More Layoffs Are Co
5465,"AppDownload
Goldman Sachs Group"
5466,Standard Bank Group Ltd
5467,BASF Metals Ltd
5470,Samsung Techwin Co Ltd
5471,Samsung General Chemicals Co
5472,Washoe County District Co
5476,On Oil Output Co
5479,Marvel Technology Group Ltd
5481,IncandSpectrum Brand Holdings Inc
5482,"Research FREE AppDownload
Co"
5483,Ira Sohn Investing Co
5484,Yday Amazon Thanksgiving Co
5486,Russia Thinks Oil Co
5487,Military Is Too Co
5488,Gusto Mini Me Co
5493,Wanda Commercial Properties Co
5494,DROP Dalian Wanda Co
5495,Wanda Cinema Line Co
5496,Wanda Hotel Development Co
5497,Hedge Fund Research Inc
5503,Good Harbor Tactical Co
5507,Investors Are Getting Inc
5512,Wine Elite Sommelier Co
5513,Yes4All Rubber Co
5514,Resistance Band Exercise Co
5517,Roerichs And We Co
5518,Vancouver Bitcoiniacs Trading Co
5519,Going To Drive Co
5523,US Data Is Co
5524,Bloomberg Calculated Twitter Co
5525,Plunging Oil Prices Co
5526,The Financial Planning Co
5529,TheilerCitigroup CEO Michael Co
5532,Fidelity Advisor Strategic Inc
5534,Pension Benefit Guarantee Co
5539,Budget Break Even Co
5544,LINN Energy LLC
5546,Lynch  Linette Lopez Co
5547,Reporting By Michelle Co
5553,The Crown Publishing Group
5554,BTC Trading Co
5556,Kong China Tattoo Co
5558,Yield Cash Pay Co
5560,The Price Of Co
5564,Rushing Out Of Co
5565,The Vanguard Group Inc
5569,Money Easier Wikimedia Co
5570,Group The Shanghai Co
5572,MiP Smartphone Co
5574,US Financial Services Co
5577,Teva Pharmaceutical Industries Ltd
5580,Can Employ A Co
5584,Labor Departments Employment Co
5585,ChinaNational Petroleum Co
5586,US Senate Intelligence Co
5587,Tyrone SiuThe Group
5588,Ascena Retail Group Inc
5589,Prairie Creek Grain Co
5590,Minister Pedro Joaquin Co
5591,Even As Oil Co
5594,The Recipes I Co
5595,And Professor Tyler Co
5596,"FREE AppDownload
Carl Co"
5597,German Inflation Got Co
5599,Sued For Using Co
5600,Acting SSA Co
5601,"FREE AppDownload
Misty Co"
5602,Collection Boxed Oval Co
5608,Suning Commerce Group Co
5609,Sun Art Retail Group
5610,Electrical Appliances Holding Ltd
5611,Royal Dutch Petroleum Co
5618,Stack Commerce The Co
5619,Eilat Ashkelon Pipeline Co
5622,Shenzhen Baiyeyuan Investment Co
5628,The Library Of Co
5632,River Horse Brewing Co
5633,Starr Hill Brewing Co
5634,Great Lakes Brewing Co
5635,Goldman Trader Who Co
5636,Lynch Is Cutting Co
5638,Miss DC Jen Co
5643,US Industrial Data Co
5644,US Housing Data Co
5647,Unless Gold Completely Co
5648,Wharton Community Projects Co
5650,"On Twitter 
Stack Co"
5651,Free Shipping Stack Co
5652,Asset Management  Steve Co
5653,"FREE AppDownload
Amir Co"
5661,Gaynor Investment Counsel Inc
5666,Blue Chip Venture Co
5667,Mark Cubanand Barbara Co
5668,Latest Decisions Are Co
5670,Daiichi Sankyo Co Ltd
5671,Quan Hung Gourmet Co
5673,Term Oil Price Inc
5675,Shift Money To Inc
5676,IBS Leadership Group
5677,IBD Executive Co
5678,Plum Creek Timber Co
5682,Sierra Nevada Brewing Co
5684,RBS Holding Co
5685,Tesco UK Group
5688,Glashutte Original Panomatic Co
5689,Advisors Will Be Inc
5690,"On Twitter  
Stack Co"
5692,"Insider FREE AppDownload
Co"
5693,FBI Director James Co
5697,Class Myeong Hi Co
5698,"FREE AppDownload
 Publicis Group"
5704,Trenton Street Golf Co
5706,The Federal Competition Co
5707,Central Bank Governor Co
5708,The ECB Governing Co
5712,"FREE AppDownload
YahooKatie Co"
5716,Foreign Claims Settlement Co
5719,Consultative Conference National Co
5720,Housing Data Is Co
5722,NPC Law Co
5724,"Trac FREE AppDownload
Co"
5730,Alliance Boots Holdings Ltd
5736,"AppDownload
REUTERSSinger Joe Co"
5739,TheEdge Consulting Group
5742,Mark Morris Dance Group
5745,Sumitomo Mitsui Banking Co
5752,"Capital Markets   
Stack Co"
5754,"FREE AppDownload
Adrian Co"
5757,Petroleum Oil Exporting Co
5758,Vehicle Sales Forecast Inc
5761,Foreign Investment Advisory Co
5766,North Bridge Advisory Group
5769,Feeling Great About Co
5774,National Alcohol Beverage Co
5775,Manufacturing Index Is Co
5778,ESP Group Ltd
5779,PBF Energy Inc
5785,People Outside The Co
5790,Jobless Claims Are Co
5791,Managers Index Is Co
5792,Sales Data Is Co
5793,Bank International Holdings Ltd
5794,Construction International Holdings Ltd
